sales_sk,customer_sk,product_sk,store_sk,salesperson_sk,order_date,date_sk,net_amount,quantity,discount_pct,campaign_sk
1,8926,170,440,1557,2024-04-12,103,381.59,5,20.0,33
2,77396,155,32,1344,2024-12-14,349,209.18,6,10.0,14
3,65458,118,199,1860,2024-09-27,271,429.54,5,20.0,40
4,43888,187,230,1922,2024-04-16,107,298.1,5,10.0,29
5,43302,27,399,1410,2024-03-12,72,65.42,4,5.0,2
6,85860,194,65,742,2024-07-07,189,400.02,2,0.0,38
7,8595,179,218,1199,2024-01-21,21,227.83,2,15.0,32
8,69737,106,77,851,2024-04-12,103,76.61,6,15.0,16
9,20147,155,394,1259,2024-05-01,122,81.42,1,20.0,26
10,9418,110,317,1625,2024-08-02,215,314.08,1,15.0,8
11,52648,57,249,739,2024-11-26,331,35.61,3,0.0,15
12,97563,168,197,1012,2024-03-28,88,139.67,6,10.0,9
13,73576,52,77,92,2024-04-09,100,75.81,5,15.0,36
14,76114,67,461,1474,2024-12-25,360,206.87,5,10.0,44
15,71748,110,324,980,2024-05-31,152,195.24,4,10.0,22
16,78607,176,160,920,2024-05-10,131,242.02,1,20.0,7
17,51323,81,207,1065,2024-05-29,150,136.64,3,15.0,32
18,12812,104,364,431,2024-11-04,309,28.94,1,15.0,13
19,83975,9,360,1196,2024-09-14,258,282.26,6,10.0,16
20,45039,25,231,1491,2024-12-09,344,177.57,6,5.0,20
21,50036,12,152,700,2024-10-20,294,298.33,2,10.0,31
22,37080,16,330,263,2024-07-10,192,62.27,3,20.0,40
23,18255,183,330,774,2024-10-03,277,20.99,3,15.0,48
24,92677,177,300,398,2024-06-09,161,123.01,7,15.0,13
25,78157,173,37,748,2024-11-09,314,213.6,4,0.0,9
26,64387,12,237,1254,2024-01-22,22,186.42,6,20.0,3
27,40242,17,307,227,2024-09-09,253,367.48,4,5.0,46
28,82277,59,476,1495,2024-08-23,236,179.36,5,20.0,39
29,54543,119,263,450,2024-12-10,345,245.74,4,10.0,11
30,44342,71,172,1790,2024-02-18,49,273.18,2,20.0,15
31,45046,103,278,1465,2024-02-28,59,24.5,7,20.0,16
32,22724,37,89,546,2024-06-18,170,239.08,5,15.0,46
33,9214,154,46,1127,2024-07-06,188,165.0,6,20.0,33
34,55459,66,340,222,2024-09-27,271,198.26,7,15.0,16
35,88789,14,494,200,2024-07-08,190,58.63,2,20.0,34
36,6382,156,424,1913,2024-06-23,175,355.53,1,0.0,28
37,85830,190,292,1605,2024-02-20,51,424.95,5,0.0,42
38,82764,4,21,309,2024-12-29,364,24.69,3,10.0,47
39,27676,92,494,566,2024-02-24,55,276.6,4,20.0,21
40,63167,174,225,396,2024-08-31,244,347.27,2,15.0,50
41,16523,149,145,791,2024-11-15,320,138.89,3,10.0,23
42,75809,180,447,583,2024-05-10,131,357.59,3,10.0,5
43,70053,88,374,657,2024-11-02,307,290.07,3,15.0,48
44,35453,79,375,1059,2024-05-14,135,419.19,6,20.0,9
45,6793,149,139,379,2024-01-21,21,441.74,5,20.0,32
46,97070,33,496,1766,2024-11-24,329,33.42,4,0.0,26
47,44569,51,227,1456,2024-06-15,167,208.55,1,10.0,11
48,89313,127,266,1522,2024-09-30,274,252.94,4,5.0,35
49,67792,141,376,339,2024-03-29,89,78.83,2,15.0,50
50,77839,26,330,1417,2024-11-11,316,161.28,3,10.0,22
51,75990,107,87,1673,2024-01-14,14,444.63,3,20.0,16
52,19464,77,152,351,2024-08-29,242,22.06,1,10.0,2
53,36391,106,181,1503,2024-09-21,265,211.84,3,15.0,11
54,46673,202,474,716,2024-12-11,346,381.55,2,0.0,33
55,49780,17,358,1576,2024-02-22,53,155.9,6,20.0,10
56,4381,210,184,957,2024-12-05,340,223.71,7,0.0,4
57,54657,95,368,1605,2024-04-01,92,440.45,1,5.0,20
58,15429,163,370,295,2024-09-20,264,221.57,5,20.0,44
59,74338,90,198,779,2024-02-04,35,71.95,5,20.0,33
60,68305,66,202,547,2024-07-24,206,37.5,3,10.0,35
61,92253,162,448,497,2024-03-21,81,426.26,4,10.0,17
62,74477,145,281,617,2024-02-19,50,130.63,6,0.0,18
63,36665,31,75,765,2024-12-25,360,234.27,3,20.0,9
64,96751,149,360,255,2024-01-02,2,54.46,1,0.0,29
65,41086,159,295,1415,2024-02-23,54,199.29,3,0.0,25
66,32583,82,255,1101,2024-04-15,106,419.6,2,10.0,33
67,90554,195,363,1659,2024-09-16,260,233.55,3,0.0,27
68,37046,135,454,1411,2024-11-05,310,437.44,2,0.0,46
69,7635,71,166,299,2024-07-09,191,127.59,2,15.0,34
70,46956,3,210,140,2024-08-05,218,234.48,7,15.0,37
71,79568,142,95,846,2024-02-13,44,388.9,1,5.0,36
72,18948,44,324,963,2024-06-10,162,209.99,5,15.0,17
73,46295,159,202,481,2024-07-20,202,136.58,6,15.0,33
74,12993,111,172,1565,2024-09-26,270,387.13,5,5.0,26
75,68648,99,349,1164,2024-12-16,351,184.6,7,15.0,19
76,47571,35,205,1496,2024-10-30,304,245.86,1,10.0,38
77,33020,150,233,219,2024-09-27,271,439.79,3,20.0,8
78,22691,35,221,1631,2024-08-02,215,96.12,2,0.0,41
79,56450,88,130,413,2024-09-08,252,146.11,5,5.0,39
80,66982,176,63,897,2024-07-08,190,28.52,5,5.0,19
81,94031,194,414,879,2024-10-22,296,185.45,7,5.0,23
82,43716,208,46,1642,2024-07-31,213,102.08,3,20.0,28
83,16069,202,163,554,2024-07-26,208,310.82,2,15.0,18
84,83268,117,334,482,2024-08-24,237,93.87,7,10.0,49
85,62977,43,66,680,2024-12-03,338,308.54,5,10.0,10
86,70027,177,328,722,2024-02-22,53,129.61,6,20.0,37
87,9723,169,367,364,2024-10-06,280,169.52,4,10.0,4
88,31237,208,332,353,2024-08-04,217,166.75,4,5.0,3
89,76785,137,153,463,2024-09-08,252,326.79,3,0.0,49
90,83226,30,10,935,2024-07-06,188,217.93,6,5.0,44
91,43522,106,444,687,2024-02-10,41,172.17,2,15.0,8
92,80477,95,164,785,2024-06-05,157,385.89,7,10.0,16
93,84170,178,403,1439,2024-01-15,15,263.8,2,10.0,4
94,38748,83,99,482,2024-10-27,301,108.02,4,10.0,16
95,89809,70,82,1820,2024-03-05,65,406.54,3,20.0,29
96,28833,17,390,1504,2024-12-10,345,164.05,5,20.0,40
97,23956,176,470,350,2024-11-22,327,31.96,5,0.0,21
98,68250,159,431,628,2024-01-09,9,230.15,7,0.0,41
99,63677,9,376,368,2024-12-09,344,68.91,6,5.0,47
100,13976,92,124,546,2024-05-08,129,118.73,2,20.0,14
101,83274,101,457,731,2024-05-15,136,339.99,2,10.0,28
102,19991,99,334,262,2024-03-03,63,71.88,7,20.0,2
103,80490,193,87,29,2024-05-18,139,366.02,4,15.0,9
104,737,32,65,878,2024-03-21,81,422.55,1,10.0,4
105,79685,65,436,1402,2024-06-11,163,278.84,6,5.0,13
106,78693,38,138,606,2024-10-15,289,324.01,5,5.0,46
107,78037,52,383,1721,2024-09-17,261,325.41,1,0.0,44
108,66486,191,70,739,2024-08-18,231,446.87,6,10.0,28
109,47157,198,141,1802,2024-02-10,41,163.57,5,5.0,33
110,70517,10,142,472,2024-01-28,28,85.84,5,5.0,19
111,27713,133,141,1079,2024-05-14,135,240.84,7,0.0,26
112,78073,49,338,1527,2024-07-19,201,246.96,4,15.0,38
113,55565,41,458,119,2024-11-23,328,92.39,4,20.0,9
114,45892,62,456,1861,2024-09-24,268,281.7,5,10.0,31
115,50561,41,371,730,2024-02-02,33,21.14,2,10.0,26
116,56875,103,102,996,2024-02-17,48,418.54,2,20.0,2
117,3727,210,481,1257,2024-03-02,62,130.09,6,10.0,12
118,13980,124,272,1286,2024-08-03,216,32.21,2,15.0,17
119,24549,152,273,48,2024-10-19,293,62.09,4,10.0,11
120,11454,104,351,1735,2024-04-08,99,119.51,2,10.0,34
121,43962,3,385,1248,2024-06-20,172,134.15,2,10.0,44
122,66841,18,477,1998,2024-12-25,360,29.27,5,15.0,42
123,65443,57,292,944,2024-08-01,214,136.52,6,15.0,49
124,47110,52,306,1228,2024-02-04,35,98.93,4,10.0,14
125,85509,177,373,883,2024-08-14,227,179.7,1,0.0,49
126,56524,178,128,1780,2024-04-10,101,182.55,2,20.0,13
127,7920,180,154,1665,2024-05-10,131,162.47,2,20.0,28
128,76500,134,313,1818,2024-09-13,257,157.65,7,0.0,30
129,57461,117,33,1009,2024-01-05,5,54.03,3,5.0,27
130,63472,137,161,1583,2024-08-05,218,25.96,3,20.0,12
131,56538,86,359,718,2024-09-11,255,102.92,1,5.0,37
132,55358,141,489,922,2024-12-24,359,344.14,4,20.0,22
133,9057,167,260,1521,2024-10-09,283,446.0,7,15.0,33
134,55921,161,200,163,2024-07-25,207,418.91,3,20.0,31
135,79492,129,221,1421,2024-01-15,15,234.34,5,0.0,50
136,30396,13,343,32,2024-12-11,346,246.34,2,10.0,10
137,60284,153,273,1162,2024-02-11,42,151.84,2,10.0,34
138,3082,77,12,955,2024-06-27,179,351.66,6,20.0,35
139,34750,157,270,938,2024-03-03,63,347.67,1,5.0,23
140,43672,114,201,989,2024-12-17,352,382.26,4,5.0,9
141,98274,186,351,984,2024-08-18,231,404.54,3,0.0,25
142,21459,72,438,815,2024-08-28,241,203.94,1,15.0,17
143,27655,196,482,903,2024-02-21,52,348.59,4,20.0,32
144,40853,178,306,1137,2024-04-05,96,365.78,7,0.0,33
145,99267,70,182,1527,2024-08-09,222,149.18,1,5.0,20
146,85341,102,222,1105,2024-08-18,231,419.22,6,5.0,32
147,3470,112,89,1286,2024-08-24,237,56.04,4,20.0,48
148,23394,162,468,1674,2024-05-22,143,447.51,6,10.0,13
149,82168,145,424,1980,2024-06-19,171,349.99,1,5.0,47
150,5831,179,427,218,2024-01-29,29,55.57,7,5.0,24
151,85568,78,165,1426,2024-02-05,36,300.46,1,10.0,34
152,28139,107,162,451,2024-01-13,13,29.87,7,5.0,32
153,91766,91,429,394,2024-06-08,160,350.03,5,0.0,11
154,29360,192,273,1587,2024-11-22,327,362.66,3,20.0,33
155,43432,65,353,138,2024-07-05,187,277.05,1,10.0,11
156,66192,124,245,1696,2024-08-30,243,387.73,5,5.0,15
157,12629,26,222,1542,2024-03-26,86,57.58,1,15.0,39
158,55704,179,317,1990,2024-10-10,284,135.03,5,15.0,7
159,50502,81,407,1336,2024-03-06,66,195.17,6,0.0,3
160,78390,72,168,1746,2024-06-18,170,33.47,2,0.0,28
161,99611,123,405,238,2024-02-14,45,209.97,2,0.0,13
162,66432,105,123,1780,2024-03-02,62,130.37,2,15.0,41
163,40919,179,202,321,2024-05-13,134,185.84,2,15.0,21
164,40639,112,457,629,2024-10-10,284,199.92,1,15.0,40
165,41796,109,478,257,2024-01-28,28,397.54,2,15.0,31
166,81403,23,462,804,2024-04-17,108,132.6,5,10.0,50
167,32122,5,159,1498,2024-02-13,44,403.78,3,10.0,12
168,16698,84,422,537,2024-12-05,340,200.3,6,15.0,26
169,33430,210,469,1645,2024-10-12,286,157.6,6,5.0,1
170,2272,193,490,1213,2024-11-26,331,233.59,6,20.0,46
171,10615,133,11,1258,2024-05-07,128,196.72,4,20.0,23
172,9005,133,373,1878,2024-12-13,348,126.96,3,20.0,3
173,77156,83,499,864,2024-08-18,231,233.67,7,20.0,31
174,72236,38,383,690,2024-07-08,190,81.03,2,5.0,8
175,69678,2,117,1990,2024-08-12,225,168.09,4,0.0,24
176,46188,72,382,1115,2024-10-09,283,261.12,4,10.0,20
177,71706,67,53,1230,2024-04-30,121,194.83,6,15.0,7
178,16128,41,241,593,2024-04-25,116,373.4,4,15.0,36
179,90063,55,314,431,2024-08-20,233,126.67,6,5.0,4
180,50105,6,229,340,2024-09-15,259,436.85,7,5.0,13
181,93806,128,350,448,2024-12-24,359,356.35,3,10.0,1
182,15232,195,121,391,2024-07-16,198,435.9,7,20.0,12
183,49734,146,304,1494,2024-05-16,137,379.59,2,0.0,49
184,69633,95,323,116,2024-11-13,318,76.82,7,5.0,25
185,49563,89,317,1259,2024-06-13,165,244.01,2,5.0,15
186,44616,65,145,1899,2024-08-12,225,88.94,6,20.0,19
187,16622,30,153,1532,2024-11-02,307,370.93,3,10.0,11
188,38103,126,129,806,2024-08-21,234,269.11,7,0.0,9
189,23877,119,231,119,2024-06-20,172,129.6,1,5.0,7
190,30152,2,293,1669,2024-05-31,152,419.38,4,0.0,27
191,68371,88,182,7,2024-11-10,315,65.11,7,10.0,27
192,63029,59,205,1363,2024-06-08,160,260.28,1,20.0,21
193,60720,36,144,1342,2024-04-05,96,328.65,2,10.0,27
194,36182,148,110,384,2024-08-20,233,40.6,1,20.0,30
195,95970,111,329,1480,2024-06-28,180,275.07,3,15.0,7
196,8765,134,409,351,2024-04-22,113,369.92,3,20.0,43
197,34260,150,146,452,2024-11-13,318,44.37,5,5.0,21
198,11801,207,431,1624,2024-02-21,52,237.83,2,20.0,10
199,33895,169,286,1959,2024-09-24,268,127.47,2,5.0,18
200,96190,131,84,530,2024-10-21,295,303.37,2,10.0,35
201,36627,185,183,1843,2024-04-22,113,66.62,7,15.0,11
202,90859,101,4,1827,2024-04-10,101,422.62,7,5.0,31
203,49507,207,20,1539,2024-04-22,113,404.21,2,5.0,30
204,69971,160,169,281,2024-03-21,81,95.9,2,0.0,33
205,45742,137,228,599,2024-07-05,187,155.62,1,0.0,11
206,26587,190,399,1356,2024-04-22,113,270.62,7,10.0,46
207,76423,109,68,1999,2024-01-02,2,327.36,5,20.0,1
208,96918,152,420,1629,2024-05-09,130,207.56,6,5.0,26
209,26353,60,118,841,2024-08-07,220,82.99,3,10.0,26
210,77876,203,70,471,2024-02-23,54,60.31,5,20.0,35
211,26115,131,350,1921,2024-12-08,343,449.9,1,15.0,4
212,71690,165,388,553,2024-08-11,224,213.08,5,0.0,47
213,78901,97,303,685,2024-08-12,225,394.55,5,10.0,42
214,44937,183,58,1930,2024-05-05,126,224.83,3,0.0,14
215,73692,16,58,1124,2024-05-09,130,416.23,5,5.0,39
216,27225,24,196,530,2024-02-22,53,53.18,5,5.0,50
217,7926,107,226,11,2024-06-20,172,64.6,4,15.0,30
218,9640,154,500,860,2024-08-05,218,419.39,2,0.0,35
219,44703,170,144,1973,2024-06-08,160,427.16,1,5.0,44
220,90261,93,97,866,2024-07-16,198,151.9,7,5.0,18
221,12758,137,473,1400,2024-09-03,247,169.5,2,5.0,26
222,45578,117,77,507,2024-11-19,324,211.82,3,15.0,21
223,70404,202,14,1552,2024-07-21,203,196.03,5,5.0,20
224,20237,138,212,1552,2024-07-02,184,97.67,2,5.0,19
225,72162,88,201,1217,2024-05-02,123,405.79,3,10.0,23
226,30596,204,310,1544,2024-09-11,255,125.19,5,15.0,25
227,80867,23,439,1158,2024-10-20,294,321.79,5,0.0,20
228,57922,207,467,757,2024-10-06,280,44.21,5,20.0,18
229,54691,33,145,1476,2024-11-20,325,31.86,1,20.0,21
230,17678,61,491,1671,2024-04-07,98,299.37,4,15.0,25
231,46321,173,317,1683,2024-07-16,198,162.47,4,10.0,26
232,85662,155,35,427,2024-08-27,240,300.12,5,15.0,40
233,1953,204,470,1354,2024-05-23,144,55.9,2,10.0,45
234,75852,158,69,9,2024-04-06,97,428.19,2,5.0,30
235,49277,134,295,1144,2024-07-19,201,340.6,6,5.0,29
236,71947,73,396,1143,2024-05-03,124,396.18,5,0.0,45
237,66330,1,125,727,2024-07-05,187,74.36,6,20.0,42
238,43210,27,136,1989,2024-11-21,326,154.27,2,5.0,26
239,30867,63,239,1766,2024-12-14,349,175.23,7,5.0,8
240,62731,9,443,78,2024-09-15,259,248.67,2,20.0,44
241,14023,107,112,418,2024-05-27,148,144.14,5,10.0,14
242,58410,164,332,416,2024-09-08,252,41.37,2,15.0,2
243,9470,203,227,1796,2024-12-11,346,175.46,7,5.0,46
244,64985,103,56,1038,2024-05-26,147,125.73,3,5.0,22
245,62875,184,356,1458,2024-05-27,148,182.88,6,15.0,30
246,8445,207,417,1620,2024-12-17,352,100.68,3,10.0,23
247,75749,181,288,1536,2024-07-17,199,128.92,6,0.0,32
248,41581,98,89,179,2024-11-03,308,287.72,4,20.0,17
249,78689,69,78,281,2024-05-07,128,183.85,1,10.0,11
250,4162,206,212,791,2024-02-08,39,165.24,2,15.0,48
251,17946,51,254,677,2024-12-03,338,247.25,5,5.0,20
252,49400,87,277,1495,2024-12-25,360,350.76,2,10.0,7
253,18823,16,122,313,2024-05-08,129,179.81,2,15.0,39
254,32987,167,251,744,2024-09-23,267,270.57,4,20.0,18
255,66060,137,148,474,2024-05-30,151,435.3,2,5.0,34
256,14453,18,344,378,2024-10-24,298,242.06,1,15.0,1
257,67771,47,399,346,2024-04-08,99,410.76,5,20.0,15
258,10341,117,327,391,2024-09-19,263,360.25,5,15.0,22
259,17519,114,1,1129,2024-09-08,252,40.54,6,0.0,18
260,58765,169,497,821,2024-05-23,144,201.66,7,0.0,35
261,79349,56,12,871,2024-12-11,346,318.77,1,5.0,43
262,17060,195,500,959,2024-04-21,112,444.22,3,0.0,50
263,30000,94,16,1483,2024-02-29,60,214.39,2,15.0,22
264,92513,173,259,1724,2024-01-02,2,55.36,7,20.0,43
265,98969,51,53,1053,2024-10-30,304,259.47,4,10.0,39
266,58107,8,48,1285,2024-09-10,254,70.06,1,10.0,11
267,44704,12,342,1478,2024-05-19,140,341.91,5,15.0,7
268,34687,79,364,1381,2024-02-06,37,235.84,1,10.0,18
269,61246,201,60,269,2024-06-08,160,329.69,2,10.0,7
270,59092,11,489,1966,2024-01-09,9,393.17,6,10.0,18
271,29476,78,161,330,2024-08-20,233,288.59,4,5.0,29
272,2281,23,160,824,2024-04-08,99,281.41,6,0.0,24
273,15150,196,149,1306,2024-05-26,147,343.24,4,10.0,37
274,95856,142,231,807,2024-10-30,304,381.47,6,20.0,18
275,41816,161,89,487,2024-07-26,208,393.04,4,0.0,36
276,48231,150,213,1847,2024-05-10,131,30.85,1,5.0,38
277,46711,138,105,144,2024-05-31,152,256.94,1,5.0,49
278,78274,163,26,492,2024-02-23,54,109.08,6,20.0,14
279,6496,2,185,1986,2024-04-29,120,389.25,1,10.0,13
280,8273,182,337,1460,2024-06-09,161,297.05,3,10.0,22
281,27585,156,382,174,2024-04-25,116,197.8,1,15.0,43
282,48666,156,177,1510,2024-03-15,75,96.83,3,5.0,17
283,67113,83,162,1940,2024-04-22,113,162.48,5,15.0,6
284,49071,169,394,196,2024-04-13,104,321.14,2,0.0,8
285,44117,81,341,829,2024-12-05,340,103.9,4,0.0,22
286,93783,11,417,937,2024-09-10,254,55.71,7,20.0,24
287,16102,191,454,263,2024-08-14,227,401.29,1,15.0,39
288,57173,50,411,402,2024-04-21,112,347.43,1,0.0,17
289,54225,22,469,348,2024-04-08,99,101.91,2,10.0,18
290,47349,131,209,371,2024-06-01,153,142.16,6,0.0,1
291,80760,50,198,808,2024-12-14,349,437.85,3,15.0,11
292,26698,181,161,928,2024-12-31,366,323.06,5,15.0,16
293,95378,94,118,476,2024-12-03,338,280.58,1,5.0,39
294,33157,1,375,579,2024-07-12,194,148.82,6,5.0,24
295,54501,200,358,385,2024-11-05,310,145.12,1,5.0,47
296,52068,109,401,1593,2024-06-11,163,32.19,5,5.0,10
297,84978,56,84,424,2024-07-26,208,331.89,2,5.0,22
298,43892,143,246,1816,2024-06-17,169,33.78,7,5.0,11
299,28456,112,111,1078,2024-06-09,161,17.11,3,10.0,36
300,2162,7,447,1606,2024-03-08,68,332.33,2,20.0,32
301,36368,160,134,1273,2024-10-15,289,427.76,3,15.0,48
302,82630,85,72,533,2024-10-03,277,344.08,1,5.0,16
303,992,147,285,1203,2024-10-30,304,220.16,2,20.0,44
304,89617,189,440,549,2024-05-14,135,226.43,5,5.0,8
305,54283,129,458,238,2024-07-13,195,204.72,3,20.0,21
306,14025,142,49,510,2024-05-07,128,156.22,3,5.0,11
307,30218,54,163,552,2024-02-02,33,241.95,6,10.0,1
308,55404,50,77,271,2024-06-24,176,202.55,1,5.0,1
309,31570,88,154,48,2024-01-22,22,275.2,3,15.0,14
310,10858,180,267,1888,2024-08-25,238,405.68,2,5.0,30
311,66599,111,141,1027,2024-06-06,158,447.83,4,20.0,39
312,67225,74,34,805,2024-02-07,38,49.25,3,0.0,6
313,11888,164,256,1860,2024-08-17,230,182.34,1,10.0,32
314,28124,180,27,450,2024-12-30,365,93.61,1,0.0,35
315,24388,190,114,806,2024-02-20,51,168.17,6,20.0,24
316,65943,63,1,1694,2024-09-20,264,140.05,1,10.0,36
317,73030,150,44,1265,2024-10-09,283,90.92,6,15.0,4
318,72700,124,219,799,2024-01-27,27,347.37,7,20.0,28
319,93877,95,426,512,2024-08-13,226,230.89,4,10.0,5
320,76865,84,388,71,2024-10-03,277,414.87,3,0.0,27
321,32068,25,50,171,2024-10-12,286,29.18,6,5.0,4
322,10775,58,18,324,2024-04-06,97,44.14,7,5.0,8
323,61465,116,170,1574,2024-10-10,284,190.42,1,20.0,43
324,91602,187,327,1279,2024-11-12,317,49.92,7,20.0,31
325,97516,182,374,867,2024-10-30,304,129.29,7,10.0,8
326,23022,40,412,1566,2024-05-26,147,443.92,1,20.0,45
327,23646,143,172,322,2024-01-04,4,105.9,1,5.0,26
328,3742,18,85,422,2024-02-04,35,101.18,6,15.0,17
329,14127,142,14,786,2024-07-10,192,264.53,1,5.0,13
330,55486,72,74,1835,2024-02-18,49,231.63,5,5.0,43
331,54681,95,33,1229,2024-01-17,17,267.49,1,5.0,24
332,37093,151,431,1702,2024-06-20,172,178.88,5,10.0,16
333,30996,90,135,497,2024-08-07,220,374.64,2,5.0,14
334,82979,170,412,1697,2024-06-06,158,75.28,1,5.0,6
335,46004,113,277,145,2024-02-15,46,201.35,1,5.0,48
336,80826,210,270,456,2024-01-06,6,315.05,2,0.0,32
337,96322,135,228,1047,2024-04-08,99,392.68,4,20.0,17
338,31714,63,410,102,2024-08-20,233,175.76,1,5.0,8
339,20274,163,22,1717,2024-02-06,37,261.97,6,0.0,43
340,95290,86,47,1735,2024-10-06,280,45.08,5,10.0,28
341,63484,113,212,1083,2024-12-14,349,89.09,3,20.0,23
342,29092,29,198,612,2024-10-28,302,45.08,7,5.0,42
343,62186,26,273,198,2024-06-29,181,331.63,5,20.0,27
344,51506,121,369,1238,2024-04-04,95,140.31,5,15.0,14
345,90554,40,294,1076,2024-04-08,99,329.83,2,15.0,26
346,25597,210,129,1520,2024-07-06,188,43.88,5,5.0,48
347,99139,180,164,1206,2024-04-25,116,390.21,4,0.0,16
348,93605,148,377,257,2024-07-09,191,378.46,7,5.0,31
349,18071,155,101,244,2024-09-09,253,53.68,4,20.0,14
350,16461,125,253,1562,2024-06-09,161,25.33,5,15.0,22
351,53316,13,270,319,2024-09-12,256,39.49,3,15.0,37
352,4492,83,376,1878,2024-11-18,323,386.33,1,20.0,46
353,29880,105,358,212,2024-05-07,128,117.1,1,5.0,29
354,43510,193,233,1457,2024-01-18,18,253.5,7,5.0,20
355,96938,47,155,1951,2024-10-07,281,200.42,6,20.0,46
356,99238,105,184,883,2024-08-10,223,361.05,3,10.0,48
357,15154,73,206,114,2024-02-23,54,227.67,5,5.0,3
358,89168,29,110,1754,2024-02-27,58,232.79,1,5.0,33
359,9093,22,313,375,2024-11-18,323,445.25,1,20.0,4
360,74861,77,105,1055,2024-12-25,360,80.31,4,0.0,23
361,84565,18,325,1970,2024-06-22,174,376.36,5,0.0,9
362,89080,15,376,1490,2024-10-06,280,37.51,7,15.0,50
363,22342,74,481,93,2024-04-23,114,222.78,6,0.0,25
364,89345,43,60,1642,2024-10-14,288,400.56,2,0.0,37
365,11599,117,380,323,2024-12-07,342,304.37,6,20.0,23
366,51886,4,43,1499,2024-05-30,151,313.07,4,10.0,10
367,46955,64,169,1242,2024-05-06,127,129.54,6,15.0,29
368,31593,96,89,576,2024-06-03,155,197.08,2,10.0,44
369,2212,203,82,848,2024-09-29,273,174.46,1,0.0,44
370,77202,134,88,236,2024-04-13,104,241.83,1,0.0,35
371,33559,185,22,1974,2024-10-25,299,216.07,7,15.0,42
372,66167,73,412,477,2024-09-02,246,157.2,1,0.0,34
373,41022,95,31,618,2024-06-24,176,147.88,7,10.0,33
374,37366,89,200,1006,2024-02-08,39,124.12,6,5.0,12
375,88630,187,350,1345,2024-06-18,170,173.8,2,5.0,35
376,9447,202,496,1011,2024-09-03,247,80.22,7,20.0,37
377,73662,203,427,1011,2024-01-26,26,394.37,2,15.0,13
378,74679,158,69,1166,2024-12-20,355,276.92,2,15.0,36
379,38000,106,494,1716,2024-11-01,306,73.2,5,5.0,2
380,26247,114,327,791,2024-01-13,13,316.83,3,5.0,44
381,531,206,90,1665,2024-11-11,316,383.73,3,15.0,5
382,93682,60,225,1574,2024-11-08,313,118.33,2,0.0,47
383,94774,73,459,1923,2024-02-05,36,80.51,5,5.0,32
384,24098,189,197,1827,2024-06-21,173,18.75,1,15.0,50
385,3192,82,92,1597,2024-01-20,20,35.55,2,15.0,48
386,12276,50,438,494,2024-11-16,321,346.58,4,0.0,46
387,6765,118,477,1549,2024-09-20,264,444.43,4,15.0,20
388,83112,69,488,1474,2024-05-21,142,34.52,5,10.0,19
389,89192,188,478,580,2024-05-22,143,340.41,2,5.0,35
390,15329,191,437,1356,2024-04-01,92,46.26,5,15.0,40
391,74674,65,228,506,2024-12-19,354,272.58,6,20.0,48
392,17927,112,97,1047,2024-11-17,322,343.89,3,10.0,18
393,36721,207,309,1594,2024-10-14,288,171.25,2,5.0,3
394,59939,156,111,378,2024-08-02,215,19.76,4,5.0,12
395,71993,46,237,674,2024-12-07,342,273.91,5,10.0,47
396,87457,125,329,1591,2024-02-20,51,446.19,1,0.0,23
397,4479,131,474,908,2024-06-01,153,127.06,4,10.0,4
398,19644,138,145,1922,2024-07-04,186,97.43,2,0.0,13
399,28051,6,126,16,2024-03-03,63,68.91,4,0.0,23
400,31033,63,368,1444,2024-07-08,190,256.54,7,10.0,12
401,99803,180,4,1629,2024-05-04,125,274.45,4,15.0,10
402,77741,51,284,1836,2024-05-29,150,359.64,6,20.0,27
403,32042,63,373,314,2024-11-09,314,342.59,3,0.0,36
404,97183,68,276,1969,2024-02-27,58,403.26,7,5.0,34
405,49931,38,192,785,2024-12-07,342,365.51,6,10.0,38
406,50075,33,415,705,2024-10-31,305,122.56,7,10.0,12
407,43370,73,186,712,2024-06-28,180,256.81,6,20.0,47
408,14390,184,356,1277,2024-06-18,170,144.37,5,15.0,20
409,93438,1,233,1319,2024-11-21,326,158.46,4,10.0,24
410,1394,60,14,948,2024-09-27,271,420.4,7,0.0,49
411,17428,13,266,143,2024-02-23,54,311.62,6,0.0,35
412,22966,118,25,1974,2024-04-10,101,438.95,3,0.0,49
413,27930,53,466,445,2024-09-20,264,196.36,1,15.0,5
414,13183,167,301,188,2024-02-22,53,248.79,1,5.0,9
415,1797,123,187,1195,2024-02-29,60,226.9,2,5.0,10
416,67766,165,244,825,2024-04-17,108,61.67,1,15.0,36
417,96931,134,310,1232,2024-01-05,5,117.97,2,20.0,8
418,12184,93,131,1752,2024-04-12,103,244.52,1,10.0,28
419,29654,181,145,195,2024-07-14,196,44.31,7,20.0,49
420,50633,101,210,569,2024-09-18,262,420.19,1,15.0,27
421,92751,200,130,1034,2024-12-30,365,68.87,5,15.0,25
422,69427,209,379,1576,2024-12-15,350,101.12,3,20.0,10
423,76619,124,52,1202,2024-02-16,47,347.91,2,0.0,5
424,58112,142,414,766,2024-12-20,355,57.17,5,15.0,29
425,41704,54,175,1221,2024-11-06,311,406.62,7,20.0,36
426,19978,172,281,1960,2024-11-03,308,330.68,6,20.0,28
427,86432,142,79,961,2024-05-23,144,44.85,7,10.0,40
428,80413,190,193,1768,2024-09-25,269,315.95,5,15.0,12
429,2511,57,378,1560,2024-05-03,124,289.76,5,20.0,46
430,71541,166,136,603,2024-04-15,106,344.45,2,20.0,15
431,8439,99,67,500,2024-06-06,158,375.27,6,20.0,47
432,73899,39,261,1541,2024-05-26,147,327.48,6,20.0,9
433,82596,36,82,415,2024-05-24,145,269.99,2,5.0,47
434,13106,119,158,674,2024-04-29,120,155.27,3,15.0,4
435,43384,68,226,471,2024-11-14,319,318.31,5,10.0,21
436,12376,22,283,1213,2024-10-01,275,431.28,1,20.0,36
437,56729,90,320,589,2024-04-01,92,270.57,6,20.0,9
438,92757,138,339,1317,2024-02-27,58,303.99,2,20.0,42
439,8087,67,423,1870,2024-12-11,346,205.15,1,10.0,16
440,39758,201,34,1660,2024-08-16,229,343.91,3,10.0,10
441,97313,164,182,1896,2024-04-26,117,448.99,6,0.0,1
442,30095,108,1,49,2024-11-13,318,84.77,2,15.0,9
443,13222,197,5,911,2024-10-05,279,103.05,4,10.0,26
444,48859,91,107,441,2024-05-06,127,249.66,6,10.0,6
445,50838,30,300,1836,2024-05-08,129,224.4,1,15.0,49
446,66287,8,448,1424,2024-02-27,58,263.63,6,20.0,21
447,31374,197,387,641,2024-05-01,122,36.35,3,0.0,44
448,95563,202,324,1128,2024-01-01,1,190.86,5,10.0,7
449,52103,156,390,1211,2024-08-26,239,268.6,2,15.0,19
450,28645,22,86,992,2024-10-16,290,269.56,1,20.0,27
451,96029,62,420,949,2024-04-05,96,300.94,6,15.0,15
452,92481,9,446,111,2024-05-05,126,328.29,6,15.0,45
453,49917,11,48,905,2024-04-27,118,294.07,7,20.0,14
454,2486,52,235,697,2024-02-17,48,358.76,5,20.0,20
455,59694,121,416,1637,2024-03-29,89,286.77,4,15.0,23
456,55520,14,239,1731,2024-08-24,237,248.82,2,5.0,13
457,14821,207,421,1501,2024-09-28,272,278.7,3,10.0,42
458,63398,96,468,62,2024-07-07,189,59.02,5,15.0,46
459,84080,56,238,1683,2024-07-10,192,133.82,3,0.0,32
460,10590,109,30,793,2024-03-09,69,244.42,4,15.0,16
461,72333,166,171,833,2024-10-04,278,394.75,2,10.0,49
462,14034,66,108,1891,2024-12-14,349,310.39,4,20.0,42
463,74883,10,238,1735,2024-09-03,247,54.33,2,5.0,10
464,41912,11,293,102,2024-03-16,76,272.64,1,20.0,24
465,652,179,232,720,2024-06-02,154,111.46,1,10.0,1
466,96624,24,98,1500,2024-05-23,144,334.3,4,10.0,50
467,16598,134,151,1078,2024-03-26,86,374.94,3,15.0,17
468,59605,81,340,516,2024-07-03,185,273.15,1,10.0,25
469,18147,164,14,1050,2024-10-11,285,272.24,4,20.0,14
470,93303,13,108,1734,2024-08-07,220,162.29,2,0.0,36
471,73833,189,447,447,2024-03-09,69,209.12,1,15.0,46
472,80437,147,50,1493,2024-02-16,47,390.89,1,20.0,13
473,43208,95,208,1470,2024-04-03,94,329.64,4,5.0,44
474,46739,44,104,1772,2024-08-25,238,241.09,7,5.0,17
475,63431,206,53,596,2024-07-22,204,175.18,2,10.0,34
476,78477,64,212,432,2024-08-05,218,36.92,2,15.0,45
477,84698,104,261,1096,2024-12-06,341,77.21,2,20.0,1
478,1784,83,89,1063,2024-02-08,39,98.97,3,15.0,8
479,66357,49,39,820,2024-04-09,100,177.42,6,15.0,43
480,10915,88,68,1559,2024-10-15,289,425.7,3,10.0,33
481,28794,32,326,1599,2024-09-10,254,234.74,5,15.0,43
482,82943,1,431,492,2024-08-09,222,117.16,7,5.0,22
483,25052,61,91,1592,2024-12-22,357,61.0,7,10.0,48
484,79682,24,161,462,2024-01-23,23,162.16,4,0.0,19
485,46301,88,172,816,2024-09-06,250,369.84,5,0.0,37
486,23265,182,181,55,2024-01-10,10,181.75,7,20.0,1
487,33425,35,123,681,2024-09-02,246,351.04,6,20.0,1
488,53077,1,28,1918,2024-11-20,325,364.18,3,10.0,18
489,76515,24,263,886,2024-04-09,100,63.21,1,0.0,8
490,60602,107,179,1421,2024-10-16,290,279.77,1,0.0,14
491,93323,58,172,216,2024-06-28,180,432.21,7,0.0,11
492,86774,103,133,1272,2024-08-10,223,189.93,4,15.0,40
493,75336,7,465,744,2024-09-06,250,37.16,3,5.0,28
494,60311,70,306,1488,2024-05-26,147,416.64,3,5.0,38
495,28986,87,210,1857,2024-04-05,96,399.39,2,20.0,26
496,41258,91,103,1064,2024-09-13,257,242.13,6,20.0,24
497,11890,116,401,206,2024-11-20,325,255.23,5,15.0,42
498,37419,164,445,953,2024-01-04,4,107.11,7,5.0,9
499,92648,99,17,247,2024-01-16,16,371.46,3,10.0,20
500,42589,177,465,900,2024-10-06,280,231.89,4,5.0,34
501,11373,112,350,123,2024-12-01,336,29.74,1,20.0,40
502,65194,55,50,1281,2024-09-03,247,312.11,7,0.0,29
503,96262,49,377,621,2024-09-14,258,428.47,4,15.0,31
504,86750,68,54,404,2024-06-08,160,375.68,4,10.0,7
505,27408,126,26,35,2024-12-05,340,135.58,3,15.0,7
506,45390,51,58,1777,2024-05-31,152,38.2,2,10.0,9
507,53102,192,230,1675,2024-06-26,178,424.05,7,0.0,28
508,24784,101,310,1624,2024-06-11,163,422.62,4,15.0,8
509,26870,182,204,117,2024-02-02,33,246.6,5,15.0,6
510,23667,144,61,700,2024-06-27,179,294.41,1,10.0,38
511,99459,71,100,1943,2024-04-10,101,216.23,2,5.0,4
512,74602,48,427,1158,2024-09-24,268,197.6,6,5.0,36
513,84086,157,482,257,2024-11-18,323,66.96,1,10.0,38
514,81657,70,378,283,2024-03-05,65,57.09,1,5.0,24
515,95915,52,52,527,2024-06-16,168,116.24,6,5.0,15
516,10528,196,410,1945,2024-11-25,330,378.94,3,5.0,1
517,88164,102,346,340,2024-02-12,43,78.44,2,0.0,18
518,6656,11,264,1806,2024-02-13,44,113.61,4,20.0,2
519,47543,104,72,1357,2024-10-11,285,253.65,2,5.0,3
520,59444,97,499,1844,2024-01-12,12,108.58,1,0.0,40
521,35787,182,222,1653,2024-04-04,95,85.99,1,0.0,15
522,14618,150,23,665,2024-10-28,302,260.04,1,20.0,2
523,19231,41,105,1656,2024-09-09,253,175.12,2,10.0,50
524,82467,32,201,339,2024-08-29,242,287.38,5,5.0,23
525,31873,127,32,582,2024-02-04,35,411.81,3,10.0,11
526,31034,10,162,424,2024-08-02,215,80.68,1,0.0,31
527,92337,67,235,267,2024-12-02,337,412.34,1,5.0,18
528,14388,30,475,181,2024-03-30,90,407.58,4,5.0,34
529,91527,5,44,375,2024-09-20,264,375.65,6,20.0,3
530,92098,193,289,241,2024-04-02,93,289.61,3,0.0,10
531,59856,19,458,761,2024-03-30,90,284.76,1,10.0,14
532,16554,2,404,143,2024-04-24,115,293.06,2,15.0,18
533,15587,196,463,123,2024-04-14,105,315.37,4,20.0,26
534,28473,40,86,1980,2024-07-14,196,22.17,2,10.0,11
535,57742,172,401,176,2024-11-09,314,431.77,7,5.0,44
536,15362,7,490,149,2024-04-23,114,269.74,6,5.0,34
537,45566,33,164,61,2024-03-15,75,354.94,3,5.0,46
538,11550,24,250,266,2024-08-04,217,179.12,7,15.0,22
539,54029,149,266,1056,2024-10-03,277,20.39,3,5.0,24
540,2115,131,247,1655,2024-09-05,249,236.73,1,15.0,49
541,70904,100,145,1470,2024-06-12,164,235.63,7,15.0,18
542,5540,51,486,1161,2024-12-22,357,205.09,7,20.0,48
543,19483,19,479,171,2024-07-10,192,162.78,3,5.0,1
544,17465,120,191,1549,2024-08-14,227,123.67,5,20.0,1
545,83100,49,403,75,2024-06-25,177,244.48,2,10.0,37
546,5339,124,199,1262,2024-04-08,99,178.25,5,15.0,34
547,42926,145,398,819,2024-02-05,36,436.92,5,15.0,14
548,59115,179,293,1765,2024-04-05,96,90.22,5,20.0,45
549,51600,104,236,616,2024-05-31,152,154.05,4,10.0,47
550,68072,1,65,1277,2024-05-30,151,142.87,5,15.0,27
551,80311,59,328,880,2024-07-08,190,251.34,4,5.0,45
552,39364,180,161,1045,2024-08-11,224,232.19,6,10.0,39
553,82822,112,109,1878,2024-02-06,37,295.03,2,10.0,18
554,31800,131,97,1426,2024-09-24,268,428.25,4,15.0,32
555,98443,97,491,830,2024-07-01,183,139.07,3,15.0,3
556,50453,35,52,895,2024-01-13,13,316.36,4,0.0,38
557,73602,189,400,1410,2024-10-05,279,25.89,1,20.0,23
558,87501,163,434,693,2024-08-04,217,129.14,3,15.0,31
559,79266,209,16,336,2024-12-20,355,216.72,7,0.0,30
560,85114,180,295,936,2024-12-26,361,28.48,1,20.0,14
561,53652,62,289,137,2024-10-12,286,283.69,5,15.0,42
562,4348,54,180,340,2024-09-29,273,310.07,5,0.0,6
563,49309,53,334,842,2024-03-02,62,339.83,4,10.0,42
564,18150,193,205,1594,2024-03-24,84,239.71,1,20.0,29
565,88912,117,220,1563,2024-08-04,217,277.72,1,5.0,37
566,23675,96,216,522,2024-12-07,342,187.29,2,20.0,20
567,22807,204,401,844,2024-07-05,187,32.95,1,10.0,22
568,24939,127,317,308,2024-01-19,19,58.48,1,5.0,37
569,64257,191,190,1511,2024-06-25,177,299.92,2,5.0,39
570,57124,207,464,493,2024-04-09,100,448.07,2,10.0,23
571,94885,17,402,1600,2024-08-20,233,21.87,6,15.0,3
572,41627,76,467,1685,2024-03-16,76,257.55,5,20.0,7
573,28228,155,366,1379,2024-09-21,265,341.69,1,0.0,35
574,4926,171,196,661,2024-10-10,284,374.65,5,20.0,35
575,708,32,387,1906,2024-07-24,206,252.16,1,10.0,48
576,37362,67,165,1373,2024-08-10,223,284.66,3,0.0,27
577,92582,116,136,1292,2024-02-21,52,318.08,1,20.0,15
578,52376,168,226,1713,2024-12-04,339,388.65,1,5.0,48
579,89355,24,485,1763,2024-05-23,144,68.2,1,15.0,35
580,10168,127,284,156,2024-03-09,69,417.89,4,15.0,20
581,9333,63,192,1764,2024-04-08,99,26.32,4,0.0,9
582,83346,46,231,1531,2024-01-25,25,378.75,3,5.0,47
583,10675,109,146,414,2024-02-22,53,48.38,5,15.0,16
584,5197,87,330,616,2024-05-30,151,99.66,6,5.0,36
585,40410,134,176,1506,2024-05-23,144,16.69,6,0.0,9
586,92485,67,278,434,2024-02-26,57,208.69,5,0.0,36
587,68939,173,185,905,2024-02-08,39,160.45,4,20.0,25
588,9912,17,161,1378,2024-04-18,109,87.21,4,0.0,30
589,83714,181,486,1301,2024-06-29,181,211.22,2,0.0,18
590,84358,7,173,1820,2024-02-11,42,190.03,4,10.0,34
591,80070,155,36,224,2024-07-04,186,348.93,1,0.0,32
592,90266,73,190,591,2024-08-10,223,403.51,7,15.0,32
593,23988,81,267,1970,2024-05-01,122,298.87,3,10.0,27
594,97958,4,48,1138,2024-05-12,133,69.12,6,15.0,28
595,32070,148,153,498,2024-06-11,163,143.49,7,10.0,13
596,80203,35,84,580,2024-08-02,215,412.29,4,15.0,30
597,57937,139,251,679,2024-08-08,221,53.6,7,15.0,48
598,77948,153,362,1109,2024-08-22,235,191.98,4,10.0,8
599,62782,178,485,570,2024-11-26,331,424.99,1,0.0,31
600,64249,149,195,1244,2024-05-25,146,428.54,1,5.0,10
601,61629,64,432,891,2024-08-26,239,193.87,1,0.0,19
602,77900,156,108,1221,2024-03-16,76,305.32,7,0.0,1
603,73905,174,391,311,2024-01-09,9,213.68,4,5.0,16
604,13456,67,282,1248,2024-03-14,74,342.76,3,5.0,14
605,82606,27,380,1850,2024-09-09,253,28.74,4,0.0,9
606,53607,187,378,271,2024-08-17,230,77.71,2,5.0,48
607,32309,32,267,655,2024-01-07,7,282.18,7,10.0,26
608,51423,125,129,1388,2024-06-22,174,116.16,7,0.0,29
609,96699,50,264,1235,2024-05-20,141,304.73,1,5.0,50
610,85758,27,414,1350,2024-06-16,168,167.78,6,0.0,6
611,83370,164,486,1120,2024-06-18,170,400.69,3,0.0,27
612,46280,31,464,1366,2024-10-09,283,371.38,1,0.0,37
613,78414,141,91,1219,2024-05-01,122,229.38,7,10.0,17
614,38509,146,299,149,2024-07-12,194,351.21,1,15.0,46
615,68617,13,53,1503,2024-01-05,5,132.94,2,15.0,13
616,63957,37,335,894,2024-01-29,29,230.0,1,15.0,29
617,24980,167,497,103,2024-06-13,165,100.9,4,15.0,25
618,26647,107,27,819,2024-12-04,339,389.49,5,20.0,3
619,6114,26,329,871,2024-05-15,136,373.03,3,5.0,6
620,13977,209,473,174,2024-12-30,365,407.44,1,15.0,43
621,43362,56,424,1993,2024-11-16,321,396.7,1,20.0,24
622,47788,1,197,445,2024-12-07,342,432.42,7,10.0,8
623,16513,195,52,662,2024-05-24,145,114.33,6,20.0,45
624,41689,4,462,882,2024-11-22,327,420.34,7,0.0,22
625,60418,117,461,1666,2024-08-04,217,263.48,4,20.0,5
626,23257,209,290,1486,2024-10-27,301,198.79,4,10.0,16
627,33824,122,490,1542,2024-05-11,132,258.76,6,5.0,22
628,36752,123,3,475,2024-10-18,292,164.03,5,0.0,34
629,50506,82,309,1691,2024-03-10,70,140.52,4,15.0,31
630,36640,27,20,1660,2024-09-08,252,119.97,3,10.0,6
631,73695,121,468,928,2024-10-01,275,50.86,4,5.0,28
632,32750,189,341,1092,2024-12-29,364,231.01,1,5.0,20
633,43390,20,457,75,2024-06-30,182,401.18,2,20.0,28
634,37947,185,282,1521,2024-06-15,167,289.12,6,10.0,3
635,18292,88,42,1922,2024-03-31,91,241.62,7,0.0,34
636,68575,113,14,946,2024-07-20,202,201.44,1,5.0,22
637,23545,35,168,1082,2024-12-11,346,217.01,1,0.0,24
638,29688,131,372,999,2024-01-19,19,106.04,1,15.0,38
639,79276,39,76,166,2024-02-08,39,372.98,6,20.0,49
640,94886,58,427,1240,2024-05-05,126,101.3,3,20.0,17
641,67085,152,120,1443,2024-06-21,173,326.73,3,15.0,30
642,91635,11,249,1856,2024-05-20,141,345.59,1,15.0,19
643,85420,94,102,1860,2024-08-29,242,265.07,7,10.0,35
644,48092,125,233,984,2024-08-07,220,390.37,4,15.0,46
645,77030,28,227,1918,2024-05-05,126,141.61,6,0.0,39
646,32837,62,3,1058,2024-02-27,58,398.5,5,10.0,20
647,46050,73,284,1285,2024-05-27,148,332.29,1,10.0,10
648,53544,140,394,1204,2024-11-12,317,362.46,6,0.0,39
649,96050,206,469,1998,2024-12-26,361,304.09,4,10.0,34
650,84857,176,166,1476,2024-01-01,1,383.16,5,15.0,27
651,48926,40,441,241,2024-12-13,348,447.0,2,5.0,23
652,65259,4,440,144,2024-07-08,190,197.77,6,10.0,46
653,20236,11,495,820,2024-07-09,191,369.05,7,5.0,21
654,80440,126,187,1032,2024-11-07,312,338.89,3,5.0,39
655,55304,33,426,1338,2024-04-26,117,212.0,1,0.0,6
656,53273,49,283,964,2024-05-13,134,418.22,6,5.0,49
657,76629,178,30,1030,2024-02-27,58,186.58,7,20.0,41
658,63292,184,136,1844,2024-02-13,44,260.98,4,20.0,38
659,7247,177,337,670,2024-06-21,173,61.08,5,15.0,5
660,28816,54,81,988,2024-06-08,160,113.21,2,15.0,3
661,17672,131,218,1115,2024-06-21,173,380.7,1,15.0,2
662,73490,129,388,937,2024-11-12,317,187.5,7,10.0,12
663,3515,39,75,1937,2024-10-29,303,186.43,4,10.0,33
664,20241,117,249,1925,2024-05-28,149,122.0,2,15.0,3
665,59745,111,108,1027,2024-03-20,80,228.85,5,15.0,21
666,69480,84,269,902,2024-07-31,213,365.53,1,10.0,36
667,50331,158,121,1178,2024-07-21,203,404.4,1,10.0,45
668,86072,143,483,362,2024-09-08,252,45.5,2,10.0,1
669,91895,112,39,852,2024-08-16,229,265.05,4,5.0,24
670,13211,153,482,434,2024-06-12,164,218.26,3,5.0,38
671,95252,161,396,289,2024-08-14,227,282.21,2,0.0,4
672,61438,120,428,191,2024-05-26,147,209.56,3,10.0,36
673,63622,57,426,1175,2024-01-20,20,188.41,3,15.0,16
674,9510,160,94,2,2024-02-16,47,220.27,4,15.0,6
675,62188,151,466,1293,2024-08-20,233,268.17,4,20.0,2
676,72572,207,298,864,2024-10-31,305,232.93,7,0.0,24
677,58080,32,482,733,2024-01-14,14,220.38,6,15.0,22
678,8450,89,440,1539,2024-05-22,143,370.76,3,15.0,18
679,52323,195,290,1078,2024-01-01,1,339.36,7,10.0,30
680,93594,109,188,1467,2024-02-23,54,163.5,4,5.0,34
681,72342,198,59,1419,2024-09-15,259,363.25,2,5.0,23
682,13741,3,51,65,2024-05-23,144,386.34,3,15.0,37
683,95994,8,195,431,2024-01-12,12,81.77,6,20.0,6
684,95889,168,406,1140,2024-11-25,330,268.47,6,15.0,37
685,16940,76,253,1952,2024-08-11,224,139.11,3,10.0,10
686,80089,110,241,309,2024-09-28,272,336.54,2,15.0,15
687,40672,90,123,212,2024-12-23,358,118.87,2,0.0,47
688,59369,86,283,1883,2024-06-04,156,307.06,1,15.0,5
689,44519,198,320,1934,2024-01-08,8,125.98,5,0.0,8
690,78263,20,492,335,2024-05-01,122,237.35,4,20.0,50
691,99666,163,365,804,2024-12-13,348,427.66,4,20.0,29
692,79512,187,304,1254,2024-06-12,164,180.87,5,10.0,2
693,93138,139,456,391,2024-03-30,90,395.95,6,5.0,48
694,94603,83,213,653,2024-05-15,136,444.32,6,15.0,25
695,9011,34,468,791,2024-07-04,186,395.56,1,15.0,28
696,25339,144,185,1284,2024-11-11,316,87.15,5,15.0,45
697,72186,99,64,617,2024-06-26,178,371.55,7,10.0,50
698,59008,32,209,825,2024-01-28,28,28.98,6,5.0,18
699,5015,76,65,580,2024-08-07,220,186.09,3,0.0,28
700,9505,202,60,1520,2024-12-22,357,393.77,3,5.0,19
701,52055,56,441,307,2024-02-10,41,314.61,7,10.0,46
702,61617,38,398,462,2024-08-15,228,246.74,1,10.0,9
703,16772,144,111,500,2024-07-10,192,183.72,4,10.0,48
704,17130,42,419,1812,2024-05-24,145,368.35,1,5.0,36
705,12935,194,35,1889,2024-07-19,201,323.66,7,20.0,10
706,56496,181,143,1001,2024-07-30,212,218.76,1,5.0,33
707,786,207,354,313,2024-08-07,220,403.23,1,20.0,30
708,57244,192,152,1513,2024-08-27,240,115.03,3,5.0,39
709,47593,52,366,985,2024-02-15,46,89.12,2,10.0,44
710,46599,45,438,1700,2024-02-04,35,294.62,4,15.0,23
711,67928,72,34,720,2024-09-09,253,437.82,3,5.0,5
712,52264,99,12,1998,2024-03-22,82,122.56,3,5.0,10
713,72775,185,471,1615,2024-09-12,256,123.61,4,5.0,38
714,76393,155,261,448,2024-07-15,197,75.68,4,20.0,2
715,92012,136,254,1452,2024-10-29,303,389.35,7,0.0,18
716,79925,185,232,574,2024-01-10,10,113.48,4,10.0,26
717,51771,136,217,700,2024-11-07,312,233.88,4,15.0,10
718,49216,80,346,501,2024-10-12,286,446.03,5,15.0,44
719,23571,87,290,1365,2024-08-29,242,20.28,2,10.0,43
720,59960,109,82,526,2024-09-07,251,257.07,5,0.0,49
721,13914,19,314,1278,2024-12-30,365,237.85,7,0.0,14
722,93124,156,335,1165,2024-01-05,5,366.24,3,10.0,16
723,84505,138,57,1502,2024-04-28,119,169.55,2,20.0,49
724,11974,154,189,1988,2024-10-15,289,193.5,3,0.0,46
725,78596,113,396,18,2024-03-05,65,88.05,2,20.0,3
726,11711,165,310,1981,2024-05-25,146,337.25,5,15.0,33
727,72123,200,69,219,2024-08-11,224,356.35,7,0.0,23
728,8771,120,21,1054,2024-08-26,239,74.45,5,5.0,42
729,48820,94,291,682,2024-06-25,177,186.15,1,5.0,48
730,65787,22,231,1279,2024-09-23,267,403.41,3,20.0,49
731,72882,164,481,1444,2024-12-06,341,16.18,5,10.0,30
732,41861,190,262,1720,2024-10-08,282,144.96,3,5.0,12
733,92163,147,466,804,2024-03-03,63,256.44,5,5.0,17
734,77433,182,108,1866,2024-08-04,217,160.33,5,10.0,1
735,20827,181,224,645,2024-12-07,342,133.34,3,0.0,22
736,67124,168,70,408,2024-11-10,315,215.12,5,5.0,30
737,73054,106,288,759,2024-10-09,283,93.96,3,0.0,11
738,33364,21,95,1058,2024-06-25,177,245.39,1,15.0,7
739,73824,1,247,1337,2024-04-07,98,322.41,3,15.0,14
740,89837,43,173,1666,2024-04-14,105,265.25,4,10.0,11
741,81712,91,93,450,2024-04-08,99,55.5,1,0.0,24
742,76254,157,49,607,2024-11-06,311,382.32,7,5.0,31
743,63450,96,257,1878,2024-01-06,6,91.12,4,20.0,45
744,27054,5,474,880,2024-07-15,197,347.69,1,5.0,12
745,79523,45,100,484,2024-12-16,351,171.85,7,0.0,32
746,36420,206,203,1972,2024-05-12,133,355.5,6,0.0,18
747,53220,208,113,898,2024-12-23,358,104.73,1,20.0,47
748,31444,80,405,1971,2024-09-15,259,96.2,2,0.0,13
749,31302,170,208,1839,2024-01-23,23,231.21,3,10.0,2
750,15762,152,488,1813,2024-02-22,53,29.33,4,20.0,30
751,96130,196,123,1164,2024-06-13,165,113.0,6,15.0,27
752,14779,187,41,1597,2024-07-20,202,329.95,3,10.0,13
753,8626,133,292,1922,2024-03-23,83,379.26,5,5.0,11
754,93613,83,326,539,2024-05-24,145,50.14,1,0.0,50
755,55502,132,496,76,2024-03-25,85,398.7,5,0.0,50
756,43791,68,436,642,2024-03-18,78,361.92,7,20.0,9
757,73750,74,443,1274,2024-12-31,366,393.31,4,0.0,50
758,38332,128,318,1095,2024-01-01,1,318.82,4,0.0,23
759,12793,120,180,162,2024-02-20,51,308.26,3,20.0,5
760,72969,123,215,1122,2024-06-21,173,243.42,7,10.0,24
761,17600,81,67,349,2024-07-23,205,298.96,1,5.0,2
762,55300,86,216,1012,2024-09-16,260,414.81,3,15.0,8
763,94907,3,183,1152,2024-10-14,288,58.73,1,10.0,25
764,93614,127,18,1274,2024-02-03,34,152.36,7,20.0,21
765,36079,121,103,826,2024-12-13,348,46.52,4,10.0,31
766,78031,197,268,817,2024-04-04,95,425.99,7,15.0,5
767,61268,106,185,1358,2024-03-12,72,208.69,5,20.0,27
768,47937,99,497,1499,2024-02-08,39,308.77,4,10.0,1
769,13993,15,240,1616,2024-06-02,154,380.89,4,5.0,12
770,37636,42,480,668,2024-09-06,250,446.09,2,20.0,38
771,65192,71,331,849,2024-06-10,162,85.38,4,5.0,18
772,98664,80,21,662,2024-04-27,118,362.79,5,0.0,35
773,490,77,102,1056,2024-09-15,259,401.03,7,10.0,18
774,71777,83,353,255,2024-11-01,306,36.26,4,20.0,26
775,84634,162,273,861,2024-09-24,268,343.03,7,0.0,18
776,95120,28,151,378,2024-02-23,54,169.31,7,20.0,7
777,42381,70,262,1065,2024-08-23,236,297.14,4,20.0,19
778,11848,35,452,1702,2024-08-09,222,238.61,4,20.0,50
779,27097,65,195,1971,2024-09-07,251,127.99,1,10.0,7
780,85054,144,23,893,2024-11-08,313,73.82,2,5.0,30
781,87794,10,156,113,2024-04-21,112,65.87,7,10.0,8
782,63708,72,468,456,2024-09-11,255,59.95,1,0.0,27
783,12275,5,381,210,2024-10-29,303,292.44,3,20.0,37
784,12193,201,419,1519,2024-07-25,207,167.86,5,15.0,25
785,47818,153,456,1970,2024-08-16,229,109.24,2,10.0,40
786,58826,52,59,1108,2024-12-06,341,315.97,7,10.0,18
787,3238,42,142,354,2024-03-06,66,313.78,5,15.0,16
788,68610,21,30,43,2024-03-15,75,249.54,1,10.0,33
789,54452,100,3,1953,2024-04-12,103,421.71,2,20.0,39
790,1231,159,418,633,2024-07-10,192,182.66,6,20.0,29
791,9568,123,469,225,2024-09-08,252,378.6,7,20.0,46
792,45432,186,78,355,2024-08-13,226,47.69,7,15.0,11
793,72259,73,362,511,2024-10-20,294,336.83,6,15.0,20
794,82540,59,268,1312,2024-11-01,306,444.97,1,5.0,9
795,43131,101,35,1784,2024-04-07,98,383.27,6,0.0,28
796,29536,43,458,551,2024-12-03,338,267.15,1,10.0,49
797,96832,205,436,1375,2024-10-12,286,287.64,1,20.0,21
798,45855,40,284,130,2024-11-30,335,168.68,5,0.0,7
799,31539,101,354,21,2024-12-12,347,310.58,4,10.0,38
800,44232,110,199,110,2024-11-03,308,350.12,5,0.0,25
801,1210,12,397,1847,2024-09-05,249,449.23,6,10.0,10
802,30193,99,223,1164,2024-06-14,166,229.22,1,0.0,22
803,51556,96,495,1611,2024-11-30,335,41.67,4,15.0,25
804,91845,55,32,44,2024-01-30,30,274.2,6,20.0,49
805,73823,27,87,45,2024-09-03,247,66.78,4,15.0,18
806,78130,10,485,1698,2024-04-15,106,121.47,4,15.0,6
807,54491,2,145,206,2024-02-20,51,158.02,4,5.0,30
808,11059,102,156,311,2024-03-21,81,333.0,7,10.0,40
809,39093,19,396,1038,2024-05-12,133,94.96,1,0.0,25
810,99704,202,95,1214,2024-10-11,285,87.1,7,5.0,1
811,4418,52,257,458,2024-05-17,138,34.56,6,10.0,35
812,87921,138,144,890,2024-07-02,184,394.86,6,15.0,30
813,68450,142,99,1350,2024-11-25,330,316.67,3,0.0,46
814,28391,105,483,886,2024-09-29,273,32.38,4,20.0,35
815,77799,186,100,766,2024-12-05,340,27.31,3,10.0,1
816,83690,24,48,144,2024-03-09,69,258.02,2,20.0,41
817,4322,50,337,904,2024-02-03,34,137.9,7,10.0,41
818,10642,54,434,1606,2024-09-18,262,274.58,4,10.0,45
819,66575,29,64,1254,2024-02-22,53,204.05,6,15.0,49
820,99911,62,354,1787,2024-07-23,205,416.64,1,20.0,13
821,2397,66,271,253,2024-05-05,126,140.2,6,0.0,44
822,66569,161,416,23,2024-08-22,235,310.43,5,10.0,41
823,13653,64,64,1097,2024-02-12,43,38.51,7,0.0,33
824,65013,185,488,358,2024-08-27,240,430.8,1,10.0,39
825,62332,163,310,1188,2024-04-20,111,441.63,4,20.0,14
826,9045,190,422,1808,2024-09-05,249,336.5,4,20.0,49
827,68073,23,181,675,2024-05-30,151,217.37,4,5.0,5
828,89704,207,472,1099,2024-07-01,183,110.7,1,5.0,7
829,86345,129,314,1364,2024-12-01,336,368.44,4,10.0,43
830,2900,207,64,301,2024-04-04,95,335.31,3,5.0,16
831,24592,75,462,1795,2024-01-08,8,111.55,5,0.0,2
832,24083,201,398,406,2024-12-25,360,211.28,2,5.0,25
833,45330,124,151,1617,2024-07-02,184,216.32,4,10.0,2
834,14303,16,273,1320,2024-10-07,281,374.49,5,10.0,8
835,85435,87,195,282,2024-07-13,195,312.47,1,20.0,3
836,77677,29,272,1450,2024-12-17,352,294.78,6,10.0,6
837,80835,198,483,393,2024-07-13,195,297.67,6,5.0,31
838,19821,64,450,1199,2024-06-03,155,132.65,1,15.0,6
839,1458,47,108,1920,2024-04-02,93,176.69,1,15.0,4
840,91064,117,486,1907,2024-06-08,160,34.86,6,10.0,18
841,28891,90,219,1743,2024-03-01,61,357.32,2,10.0,31
842,65627,21,353,989,2024-05-01,122,203.35,7,5.0,26
843,90944,172,383,1120,2024-02-20,51,205.63,4,20.0,33
844,3617,178,242,601,2024-10-03,277,121.73,3,20.0,9
845,548,157,229,1842,2024-01-05,5,106.1,2,0.0,18
846,543,130,229,955,2024-04-01,92,270.7,5,5.0,20
847,15633,85,432,1544,2024-06-18,170,116.16,1,5.0,5
848,5166,114,194,720,2024-11-12,317,42.93,3,20.0,5
849,81999,110,140,1481,2024-01-22,22,348.87,3,0.0,29
850,60593,35,181,449,2024-11-21,326,178.76,2,5.0,30
851,98005,18,98,1468,2024-01-01,1,180.4,3,5.0,16
852,80149,54,196,92,2024-05-12,133,202.62,4,10.0,41
853,96319,96,58,210,2024-08-20,233,369.54,5,5.0,46
854,23856,34,45,705,2024-01-12,12,154.56,1,10.0,9
855,28780,23,362,965,2024-12-11,346,344.75,7,15.0,15
856,84941,179,39,1423,2024-02-15,46,423.7,7,20.0,37
857,24489,79,285,719,2024-02-03,34,302.48,5,0.0,7
858,5724,123,390,37,2024-03-18,78,202.78,7,0.0,5
859,66914,111,363,651,2024-08-05,218,340.29,3,0.0,31
860,80097,155,224,879,2024-10-27,301,214.19,6,20.0,24
861,96820,156,97,1088,2024-03-13,73,195.28,6,15.0,42
862,92780,63,466,1289,2024-10-08,282,243.5,4,10.0,26
863,12024,179,418,496,2024-09-05,249,153.21,2,15.0,34
864,77211,78,307,1221,2024-02-16,47,60.35,4,10.0,35
865,84613,176,44,1264,2024-04-30,121,195.46,7,5.0,34
866,69813,86,18,1554,2024-08-01,214,68.88,7,10.0,19
867,81980,24,158,1045,2024-08-26,239,193.54,4,15.0,12
868,83799,160,79,1622,2024-02-25,56,257.27,2,0.0,41
869,44656,7,431,444,2024-12-15,350,419.86,6,15.0,49
870,4016,163,103,1424,2024-04-16,107,30.76,1,10.0,15
871,45620,10,142,92,2024-11-14,319,285.33,2,0.0,6
872,20179,44,488,206,2024-02-17,48,214.11,4,5.0,15
873,11373,127,410,1730,2024-03-01,61,23.81,7,10.0,34
874,12493,198,110,951,2024-12-02,337,123.55,3,5.0,19
875,69738,86,192,1242,2024-01-26,26,66.54,4,5.0,17
876,50454,26,258,1207,2024-10-18,292,109.31,3,15.0,5
877,53984,49,333,1390,2024-09-13,257,134.44,4,10.0,26
878,74519,189,469,492,2024-01-08,8,189.57,1,10.0,31
879,54827,153,436,357,2024-04-22,113,245.13,5,15.0,29
880,63002,22,489,86,2024-12-20,355,15.43,5,0.0,26
881,8603,81,21,1730,2024-09-09,253,85.41,3,5.0,28
882,85114,56,119,448,2024-06-28,180,55.7,2,0.0,39
883,44879,38,282,1151,2024-07-25,207,254.11,6,20.0,40
884,15522,178,25,910,2024-10-29,303,158.15,2,0.0,26
885,81333,130,178,325,2024-05-06,127,253.55,1,20.0,7
886,73463,38,77,828,2024-02-25,56,111.49,1,0.0,45
887,5303,137,467,167,2024-08-01,214,25.54,7,5.0,4
888,19305,87,32,354,2024-01-14,14,424.49,3,15.0,35
889,1575,13,75,280,2024-01-28,28,62.11,1,20.0,15
890,27076,95,98,1649,2024-03-18,78,70.18,7,0.0,12
891,9999,39,75,1135,2024-08-03,216,78.75,2,5.0,35
892,70991,52,285,1852,2024-12-30,365,441.86,3,20.0,28
893,52256,185,183,872,2024-06-02,154,283.68,1,5.0,10
894,98021,150,457,403,2024-01-14,14,280.48,5,5.0,17
895,74943,29,131,1218,2024-07-05,187,444.21,5,15.0,44
896,61155,179,269,1860,2024-11-07,312,53.47,6,0.0,44
897,50932,121,331,1066,2024-01-07,7,438.91,2,20.0,31
898,5451,184,313,36,2024-01-03,3,103.75,3,20.0,46
899,7021,157,399,608,2024-04-20,111,286.04,7,20.0,50
900,61631,72,101,1850,2024-08-25,238,197.74,6,5.0,24
901,438,113,254,1037,2024-12-28,363,182.02,1,0.0,37
902,4236,112,401,1904,2024-08-26,239,420.09,5,10.0,38
903,21914,152,432,1019,2024-09-30,274,79.91,6,5.0,15
904,88415,53,309,25,2024-10-20,294,448.73,4,20.0,42
905,45894,70,326,1747,2024-08-14,227,179.92,5,15.0,20
906,70958,52,433,1527,2024-01-15,15,297.22,1,20.0,33
907,41157,63,313,1431,2024-07-10,192,436.04,1,15.0,23
908,17313,34,475,1941,2024-04-28,119,40.06,1,15.0,4
909,37116,8,64,393,2024-01-28,28,416.45,2,0.0,21
910,9173,198,174,1812,2024-07-20,202,262.0,7,0.0,8
911,77026,16,57,466,2024-02-08,39,321.41,5,0.0,5
912,18354,187,46,1942,2024-09-29,273,79.9,6,10.0,21
913,37638,1,236,383,2024-08-18,231,247.02,3,5.0,10
914,98003,164,113,1101,2024-03-26,86,307.98,7,20.0,7
915,59197,69,204,1579,2024-05-05,126,213.47,2,0.0,4
916,45857,109,219,157,2024-10-26,300,82.42,7,20.0,30
917,54302,60,311,134,2024-01-25,25,121.19,1,15.0,26
918,78409,104,473,1700,2024-05-24,145,386.66,1,0.0,39
919,25449,95,425,121,2024-01-13,13,29.99,1,0.0,14
920,63641,112,190,1228,2024-07-30,212,323.36,6,5.0,19
921,87270,83,163,1877,2024-01-25,25,449.73,2,5.0,50
922,57242,113,386,1230,2024-03-08,68,18.26,4,5.0,11
923,44655,174,62,963,2024-03-07,67,85.05,4,10.0,33
924,14514,92,271,835,2024-08-20,233,308.25,6,0.0,32
925,24829,76,212,1277,2024-04-18,109,41.1,3,0.0,29
926,94603,28,92,1144,2024-05-25,146,271.56,1,15.0,21
927,54126,76,309,1004,2024-04-20,111,312.54,3,20.0,27
928,30135,27,161,308,2024-08-15,228,270.84,3,5.0,42
929,41837,39,93,1326,2024-04-20,111,173.86,6,20.0,4
930,57802,200,327,1480,2024-02-03,34,318.32,6,5.0,13
931,53755,19,88,1418,2024-04-20,111,273.52,1,5.0,45
932,69978,102,337,151,2024-09-20,264,105.32,6,0.0,7
933,25750,176,82,1406,2024-08-23,236,259.96,1,10.0,30
934,64924,201,218,1460,2024-03-23,83,398.63,5,10.0,13
935,44268,31,404,367,2024-02-11,42,305.07,3,15.0,41
936,94060,35,115,1698,2024-04-10,101,220.23,3,0.0,33
937,15793,79,384,1048,2024-01-06,6,154.89,4,0.0,48
938,14844,117,361,945,2024-06-28,180,52.36,3,10.0,48
939,46166,202,452,1446,2024-10-08,282,121.41,6,0.0,23
940,50836,44,85,1020,2024-11-15,320,19.87,7,0.0,5
941,69088,35,358,1090,2024-08-13,226,444.18,6,15.0,47
942,40404,54,469,625,2024-11-10,315,111.78,4,20.0,35
943,91372,184,382,1856,2024-12-30,365,369.47,4,10.0,3
944,47417,7,94,1939,2024-08-16,229,88.36,4,0.0,40
945,12934,80,412,261,2024-10-15,289,138.37,6,20.0,6
946,11922,25,54,1467,2024-05-29,150,196.95,4,10.0,33
947,97341,33,295,47,2024-10-03,277,156.12,4,15.0,36
948,13410,193,249,738,2024-07-16,198,362.28,3,0.0,39
949,94786,1,266,1940,2024-03-10,70,431.6,3,10.0,3
950,27808,68,260,350,2024-04-21,112,395.75,4,0.0,44
951,9341,193,16,754,2024-01-04,4,81.81,5,15.0,12
952,30471,128,255,440,2024-12-15,350,352.86,4,5.0,33
953,61470,16,469,1457,2024-11-26,331,79.36,6,20.0,41
954,42791,98,219,928,2024-11-13,318,412.32,6,0.0,8
955,78559,204,139,1187,2024-12-15,350,240.28,4,15.0,23
956,61099,85,498,1886,2024-04-04,95,161.33,7,0.0,5
957,40079,112,50,1043,2024-05-31,152,83.31,2,15.0,33
958,63463,112,244,1469,2024-11-06,311,20.14,7,10.0,19
959,97147,139,257,196,2024-05-16,137,122.86,3,20.0,11
960,41182,40,239,431,2024-09-03,247,412.6,4,15.0,42
961,15345,177,461,1894,2024-08-30,243,361.81,2,5.0,28
962,40879,208,211,1720,2024-01-31,31,436.86,4,0.0,28
963,84012,30,487,1314,2024-02-09,40,58.83,3,10.0,23
964,21763,172,34,757,2024-08-16,229,272.6,5,10.0,43
965,94915,172,367,400,2024-02-05,36,126.86,1,0.0,45
966,58831,156,297,1704,2024-08-10,223,251.18,6,10.0,22
967,60158,78,121,1571,2024-01-06,6,154.4,7,5.0,14
968,31705,99,114,484,2024-11-17,322,138.31,4,5.0,16
969,92046,177,360,1180,2024-08-07,220,264.62,4,0.0,17
970,3606,33,319,1238,2024-03-15,75,94.74,5,5.0,45
971,29868,175,306,955,2024-01-04,4,219.07,2,5.0,20
972,41841,194,26,1854,2024-11-30,335,298.1,6,0.0,31
973,47728,144,299,249,2024-05-13,134,70.76,2,10.0,21
974,47414,72,491,516,2024-04-27,118,419.81,5,5.0,25
975,14793,118,9,191,2024-04-03,94,234.99,3,0.0,13
976,22560,11,235,1386,2024-03-02,62,371.49,6,10.0,12
977,9525,196,248,1289,2024-07-12,194,299.45,6,0.0,25
978,57246,72,449,1975,2024-11-30,335,323.85,2,20.0,31
979,35087,12,142,1085,2024-07-21,203,326.52,5,10.0,25
980,56578,167,238,302,2024-01-26,26,395.67,4,20.0,8
981,58972,139,359,902,2024-06-21,173,281.92,3,20.0,48
982,70201,131,31,177,2024-10-26,300,136.02,5,20.0,8
983,54704,12,401,1342,2024-05-12,133,58.29,7,10.0,45
984,64795,158,412,1349,2024-11-21,326,278.72,1,10.0,38
985,58716,134,360,1716,2024-04-27,118,43.86,7,15.0,27
986,65244,167,325,680,2024-11-19,324,119.96,6,0.0,48
987,61665,174,374,621,2024-10-01,275,41.41,4,20.0,49
988,31622,45,391,143,2024-07-30,212,253.77,5,5.0,12
989,24629,45,452,831,2024-08-12,225,84.75,3,0.0,6
990,78744,194,215,951,2024-01-20,20,280.53,1,5.0,40
991,34271,112,229,1509,2024-04-22,113,359.03,5,5.0,6
992,54915,92,319,1508,2024-05-19,140,372.52,6,0.0,29
993,19698,61,97,281,2024-02-16,47,149.65,2,15.0,48
994,43142,135,429,571,2024-01-01,1,253.8,6,0.0,1
995,52967,159,386,1023,2024-03-30,90,259.91,6,20.0,24
996,62602,1,316,671,2024-05-21,142,220.71,6,10.0,44
997,52638,117,151,52,2024-11-15,320,299.97,3,15.0,27
998,36066,209,174,1692,2024-02-07,38,106.39,3,5.0,38
999,96178,59,218,1463,2024-10-19,293,440.97,3,0.0,47
1000,51274,59,332,1041,2024-05-18,139,57.66,6,0.0,25
